Handle,Title,Body (HTML),Vendor,Product Category,Type,Tags,Published,Option1 Name,Option1 Value,Variant SKU,Variant Grams,Variant Inventory Tracker,Variant Inventory Policy,Variant Fulfillment Service,Variant Price,Variant Compare At Price,Variant Requires Shipping,Variant Taxable,Variant Weight Unit,Image Src,Image Position,Image Alt Text,Gift Card,SEO Title,SEO Description,Status,Metafield: miko.name_ar [single_line_text_field],Metafield: miko.weight_label [single_line_text_field],Metafield: miko.prep_methods [list.single_line_text_field],Metafield: miko.quality_tags [list.single_line_text_field]
rib-eye,Rib Eye,"<p>Rib Eye (ريب اي) — halal, prepared fresh by Miko Foods and delivered across Greater Cairo.</p>",Miko Foods,"Food, Beverages & Tobacco > Food Items > Meat, Seafood & Eggs",Beef Steaks,"Meat & Poultry, Beef Steaks, Premium Cuts",TRUE,Title,Default Title,MIKO-RIB-EYE-1,250,,deny,manual,175,,TRUE,TRUE,g,https://loremflickr.com/1000/1000/ribeye?lock=101,1,Rib Eye — ريب اي,FALSE,Rib Eye (ريب اي) | Miko Foods,"Buy Rib Eye — halal, fresh daily, same-day delivery across Cairo. Miko Foods.",active,ريب اي,250g,"[""Chilled"",""Grilling""]","[""Premium"",""Halal""]"
t-bone,T-Bone,"<p>T-Bone (تي بون) — halal, prepared fresh by Miko Foods and delivered across Greater Cairo.</p>",Miko Foods,"Food, Beverages & Tobacco > Food Items > Meat, Seafood & Eggs",Beef Steaks,"Meat & Poultry, Beef Steaks, Premium Cuts",TRUE,Title,Default Title,MIKO-T-BONE-1,400,,deny,manual,290,,TRUE,TRUE,g,https://loremflickr.com/1000/1000/tbone?lock=102,1,T-Bone — تي بون,FALSE,T-Bone (تي بون) | Miko Foods,"Buy T-Bone — halal, fresh daily, same-day delivery across Cairo. Miko Foods.",active,تي بون,400g,"[""Chilled"",""Grilling""]","[""Halal""]"
strip-loin,Strip Loin,"<p>Strip Loin (استريب ليون) — halal, prepared fresh by Miko Foods and delivered across Greater Cairo.</p>",Miko Foods,"Food, Beverages & Tobacco > Food Items > Meat, Seafood & Eggs",Beef Steaks,"Meat & Poultry, Beef Steaks, Premium Cuts",TRUE,Title,Default Title,MIKO-STRIP-LOIN-1,250,,deny,manual,160,,TRUE,TRUE,g,https://loremflickr.com/1000/1000/sirloin?lock=103,1,Strip Loin — استريب ليون,FALSE,Strip Loin (استريب ليون) | Miko Foods,"Buy Strip Loin — halal, fresh daily, same-day delivery across Cairo. Miko Foods.",active,استريب ليون,250g,"[""Chilled"",""Grilling""]","[""Halal""]"
tomahawk,Tomahawk,"<p>Tomahawk (توماهوك) — halal, prepared fresh by Miko Foods and delivered across Greater Cairo.</p>",Miko Foods,"Food, Beverages & Tobacco > Food Items > Meat, Seafood & Eggs",Beef Steaks,"Meat & Poultry, Beef Steaks, Premium Cuts, Showpiece",TRUE,Title,Default Title,MIKO-TOMAHAWK-1,500,,deny,manual,360,,TRUE,TRUE,g,https://loremflickr.com/1000/1000/tomahawk?lock=104,1,Tomahawk — توماهوك,FALSE,Tomahawk (توماهوك) | Miko Foods,"Buy Tomahawk — halal, fresh daily, same-day delivery across Cairo. Miko Foods.",active,توماهوك,450–500g,"[""Chilled"",""Grilling""]","[""Premium"",""Halal""]"
fillet-portion,Fillet Portion,"<p>Fillet Portion (فيليه بورشن) — halal, prepared fresh by Miko Foods and delivered across Greater Cairo.</p>",Miko Foods,"Food, Beverages & Tobacco > Food Items > Meat, Seafood & Eggs",Beef Steaks,"Meat & Poultry, Beef Steaks, Premium Cuts",TRUE,Title,Default Title,MIKO-FILLET-PORTION-1,200,,deny,manual,460,,TRUE,TRUE,g,https://loremflickr.com/1000/1000/beef-fillet?lock=105,1,Fillet Portion — فيليه بورشن,FALSE,Fillet Portion (فيليه بورشن) | Miko Foods,"Buy Fillet Portion — halal, fresh daily, same-day delivery across Cairo. Miko Foods.",active,فيليه بورشن,2 × 200g,"[""Chilled"",""Pan Searing""]","[""Premium"",""Halal""]"
short-ribs,Short Ribs,"<p>Short Ribs (شورت ريبس) — halal, prepared fresh by Miko Foods and delivered across Greater Cairo.</p>",Miko Foods,"Food, Beverages & Tobacco > Food Items > Meat, Seafood & Eggs",Beef Steaks,"Meat & Poultry, Beef Steaks, Value Cuts",TRUE,Title,Default Title,MIKO-SHORT-RIBS-1,350,,deny,manual,195,,TRUE,TRUE,g,https://loremflickr.com/1000/1000/beef-ribs?lock=106,1,Short Ribs — شورت ريبس,FALSE,Short Ribs (شورت ريبس) | Miko Foods,"Buy Short Ribs — halal, fresh daily, same-day delivery across Cairo. Miko Foods.",active,شورت ريبس,350g,"[""Chilled"",""Grilling""]","[""Halal""]"
bolognese-steak,Bolognese Steak,"<p>Bolognese Steak (بولونيز استيك) — halal, prepared fresh by Miko Foods and delivered across Greater Cairo.</p>",Miko Foods,"Food, Beverages & Tobacco > Food Items > Meat, Seafood & Eggs",Beef Steaks,"Meat & Poultry, Beef Steaks, Value Cuts",TRUE,Title,Default Title,MIKO-BOLOGNESE-STEAK-1,500,,deny,manual,360,,TRUE,TRUE,g,https://loremflickr.com/1000/1000/beef-steak?lock=107,1,Bolognese Steak — بولونيز استيك,FALSE,Bolognese Steak (بولونيز استيك) | Miko Foods,"Buy Bolognese Steak — halal, fresh daily, same-day delivery across Cairo. Miko Foods.",active,بولونيز استيك,450–500g,"[""Chilled""]","[""Halal""]"
sirloin-cap-sobuco,Sirloin Cap Sobuco,"<p>Sirloin Cap Sobuco (سوبوكو بقري) — halal, prepared fresh by Miko Foods and delivered across Greater Cairo.</p>",Miko Foods,"Food, Beverages & Tobacco > Food Items > Meat, Seafood & Eggs",Beef Steaks,"Meat & Poultry, Beef Steaks, Value Cuts",TRUE,Title,Default Title,MIKO-SIRLOIN-CAP-SOBUCO-1,350,,deny,manual,190,,TRUE,TRUE,g,https://loremflickr.com/1000/1000/picanha?lock=108,1,Sirloin Cap Sobuco — سوبوكو بقري,FALSE,Sirloin Cap Sobuco (سوبوكو بقري) | Miko Foods,"Buy Sirloin Cap Sobuco — halal, fresh daily, same-day delivery across Cairo. Miko Foods.",active,سوبوكو بقري,350g,"[""Chilled""]","[""Halal""]"
beef-ribs,Beef Ribs,"<p>Beef Ribs (ريش بقري) — halal, prepared fresh by Miko Foods and delivered across Greater Cairo.</p>",Miko Foods,"Food, Beverages & Tobacco > Food Items > Meat, Seafood & Eggs",Beef Steaks,"Meat & Poultry, Beef Steaks, Value Cuts",TRUE,Title,Default Title,MIKO-BEEF-RIBS-1,500,,deny,manual,350,,TRUE,TRUE,g,https://loremflickr.com/1000/1000/beef-ribs?lock=109,1,Beef Ribs — ريش بقري,FALSE,Beef Ribs (ريش بقري) | Miko Foods,"Buy Beef Ribs — halal, fresh daily, same-day delivery across Cairo. Miko Foods.",active,ريش بقري,500g,"[""Chilled"",""Grilling""]","[""Halal""]"
beef-steak,Beef Steak,"<p>Beef Steak (استيك) — halal, prepared fresh by Miko Foods and delivered across Greater Cairo.</p>",Miko Foods,"Food, Beverages & Tobacco > Food Items > Meat, Seafood & Eggs",Beef Steaks,"Meat & Poultry, Beef Steaks, Value Cuts",TRUE,Title,Default Title,MIKO-BEEF-STEAK-1,500,,deny,manual,360,,TRUE,TRUE,g,https://loremflickr.com/1000/1000/beefsteak?lock=110,1,Beef Steak — استيك,FALSE,Beef Steak (استيك) | Miko Foods,"Buy Beef Steak — halal, fresh daily, same-day delivery across Cairo. Miko Foods.",active,استيك,500g,"[""Chilled""]","[""Halal""]"
veal-escalope,Veal Escalope,"<p>Veal Escalope (اسكالوب بتلو) — halal, prepared fresh by Miko Foods and delivered across Greater Cairo.</p>",Miko Foods,"Food, Beverages & Tobacco > Food Items > Meat, Seafood & Eggs",Beef Steaks,"Meat & Poultry, Beef Steaks, Veal",TRUE,Title,Default Title,MIKO-VEAL-ESCALOPE-1,500,,deny,manual,360,,TRUE,TRUE,g,https://loremflickr.com/1000/1000/veal?lock=111,1,Veal Escalope — اسكالوب بتلو,FALSE,Veal Escalope (اسكالوب بتلو) | Miko Foods,"Buy Veal Escalope — halal, fresh daily, same-day delivery across Cairo. Miko Foods.",active,اسكالوب بتلو,500g,"[""Chilled"",""Pan Searing""]","[""Veal"",""Halal""]"
veal-kabab-halla,Veal Kabab Halla,"<p>Veal Kabab Halla (كباب حلة بتلو) — halal, prepared fresh by Miko Foods and delivered across Greater Cairo.</p>",Miko Foods,"Food, Beverages & Tobacco > Food Items > Meat, Seafood & Eggs",Beef Steaks,"Meat & Poultry, Beef Steaks, Veal",TRUE,Title,Default Title,MIKO-VEAL-KABAB-HALLA-1,500,,deny,manual,360,,TRUE,TRUE,g,https://loremflickr.com/1000/1000/veal?lock=112,1,Veal Kabab Halla — كباب حلة بتلو,FALSE,Veal Kabab Halla (كباب حلة بتلو) | Miko Foods,"Buy Veal Kabab Halla — halal, fresh daily, same-day delivery across Cairo. Miko Foods.",active,كباب حلة بتلو,500g,"[""Chilled""]","[""Veal"",""Halal""]"
beef-burger,Beef Burger,"<p>Beef Burger (برجر بقري) — halal, prepared fresh by Miko Foods and delivered across Greater Cairo.</p>",Miko Foods,"Food, Beverages & Tobacco > Food Items > Meat, Seafood & Eggs",Frozen & Ready-to-Cook,"Meat & Poultry, Frozen & Ready-to-Cook, Burgers",TRUE,Weight,50g patties · 350g,MIKO-BEEF-BURGER-1,200,,deny,manual,80,,TRUE,TRUE,g,https://loremflickr.com/1000/1000/hamburger-patty?lock=113,1,Beef Burger — برجر بقري,FALSE,Beef Burger (برجر بقري) | Miko Foods,"Buy Beef Burger — halal, fresh daily, same-day delivery across Cairo. Miko Foods.",active,برجر بقري,350g / 1kg,"[""Frozen"",""Grilling""]","[""Halal""]"
beef-burger,,,,,,,,Weight,50g patties · 1kg,MIKO-BEEF-BURGER-2,1000,,deny,manual,230,,TRUE,TRUE,g,,,,,,,,,,,
beef-burger,,,,,,,,Weight,100g patties · 1kg,MIKO-BEEF-BURGER-3,1000,,deny,manual,230,,TRUE,TRUE,g,,,,,,,,,,,
cheddar-burger,Cheddar Burger,"<p>Cheddar Burger (برجر شيدر) — halal, prepared fresh by Miko Foods and delivered across Greater Cairo.</p>",Miko Foods,"Food, Beverages & Tobacco > Food Items > Meat, Seafood & Eggs",Frozen & Ready-to-Cook,"Meat & Poultry, Frozen & Ready-to-Cook, Burgers, Special",TRUE,Title,Default Title,MIKO-CHEDDAR-BURGER-1,120,,deny,manual,130,,TRUE,TRUE,g,https://loremflickr.com/1000/1000/cheeseburger?lock=114,1,Cheddar Burger — برجر شيدر,FALSE,Cheddar Burger (برجر شيدر) | Miko Foods,"Buy Cheddar Burger — halal, fresh daily, same-day delivery across Cairo. Miko Foods.",active,برجر شيدر,4 pcs · 120g,"[""Frozen"",""Grilling""]","[""Halal""]"
smash-burger,Smash Burger,"<p>Smash Burger (سماش برجر) — halal, prepared fresh by Miko Foods and delivered across Greater Cairo.</p>",Miko Foods,"Food, Beverages & Tobacco > Food Items > Meat, Seafood & Eggs",Frozen & Ready-to-Cook,"Meat & Poultry, Frozen & Ready-to-Cook, Burgers",TRUE,Title,Default Title,MIKO-SMASH-BURGER-1,500,,deny,manual,145,,TRUE,TRUE,g,https://loremflickr.com/1000/1000/smashburger?lock=115,1,Smash Burger — سماش برجر,FALSE,Smash Burger (سماش برجر) | Miko Foods,"Buy Smash Burger — halal, fresh daily, same-day delivery across Cairo. Miko Foods.",active,سماش برجر,500g,"[""Frozen"",""Grilling""]","[""Halal""]"
beef-kofta,Beef Kofta,"<p>Beef Kofta (كفتة بقري) — halal, prepared fresh by Miko Foods and delivered across Greater Cairo.</p>",Miko Foods,"Food, Beverages & Tobacco > Food Items > Meat, Seafood & Eggs",Frozen & Ready-to-Cook,"Meat & Poultry, Frozen & Ready-to-Cook, Kofta & Sausage",TRUE,Weight,350g,MIKO-BEEF-KOFTA-1,350,,deny,manual,75,,TRUE,TRUE,g,https://loremflickr.com/1000/1000/kofta?lock=116,1,Beef Kofta — كفتة بقري,FALSE,Beef Kofta (كفتة بقري) | Miko Foods,"Buy Beef Kofta — halal, fresh daily, same-day delivery across Cairo. Miko Foods.",active,كفتة بقري,350g / 850g,"[""Frozen"",""Grilling""]","[""Halal""]"
beef-kofta,,,,,,,,Weight,850g,MIKO-BEEF-KOFTA-2,850,,deny,manual,175,,TRUE,TRUE,g,,,,,,,,,,,
oriental-sausage,Oriental Sausage,"<p>Oriental Sausage (سجق شرقي) — halal, prepared fresh by Miko Foods and delivered across Greater Cairo.</p>",Miko Foods,"Food, Beverages & Tobacco > Food Items > Meat, Seafood & Eggs",Frozen & Ready-to-Cook,"Meat & Poultry, Frozen & Ready-to-Cook, Kofta & Sausage",TRUE,Weight,350g,MIKO-ORIENTAL-SAUSAGE-1,350,,deny,manual,90,,TRUE,TRUE,g,https://loremflickr.com/1000/1000/sausage?lock=117,1,Oriental Sausage — سجق شرقي,FALSE,Oriental Sausage (سجق شرقي) | Miko Foods,"Buy Oriental Sausage — halal, fresh daily, same-day delivery across Cairo. Miko Foods.",active,سجق شرقي,350g / 850g,"[""Frozen""]","[""Halal"",""Spicy""]"
oriental-sausage,,,,,,,,Weight,850g,MIKO-ORIENTAL-SAUSAGE-2,850,,deny,manual,215,,TRUE,TRUE,g,,,,,,,,,,,
kabab-halla,Kabab Halla,"<p>Kabab Halla (كباب حلة) — halal, prepared fresh by Miko Foods and delivered across Greater Cairo.</p>",Miko Foods,"Food, Beverages & Tobacco > Food Items > Meat, Seafood & Eggs",Frozen & Ready-to-Cook,"Meat & Poultry, Frozen & Ready-to-Cook, Kofta & Sausage",TRUE,Title,Default Title,MIKO-KABAB-HALLA-1,500,,deny,manual,180,,TRUE,TRUE,g,https://loremflickr.com/1000/1000/kebab?lock=118,1,Kabab Halla — كباب حلة,FALSE,Kabab Halla (كباب حلة) | Miko Foods,"Buy Kabab Halla — halal, fresh daily, same-day delivery across Cairo. Miko Foods.",active,كباب حلة,500g,"[""Frozen""]","[""Halal""]"
meat-shawarma,Meat Shawarma,"<p>Meat Shawarma (شاورما لحم) — halal, prepared fresh by Miko Foods and delivered across Greater Cairo.</p>",Miko Foods,"Food, Beverages & Tobacco > Food Items > Meat, Seafood & Eggs",Frozen & Ready-to-Cook,"Meat & Poultry, Frozen & Ready-to-Cook, Egyptian Classics, Egyptian",TRUE,Title,Default Title,MIKO-MEAT-SHAWARMA-1,500,,deny,manual,190,,TRUE,TRUE,g,https://loremflickr.com/1000/1000/shawarma?lock=119,1,Meat Shawarma — شاورما لحم,FALSE,Meat Shawarma (شاورما لحم) | Miko Foods,"Buy Meat Shawarma — halal, fresh daily, same-day delivery across Cairo. Miko Foods.",active,شاورما لحم,500g,"[""Frozen"",""Marinated""]","[""Halal""]"
rice-kofta,Rice Kofta,"<p>Rice Kofta (كفتة ارز) — halal, prepared fresh by Miko Foods and delivered across Greater Cairo.</p>",Miko Foods,"Food, Beverages & Tobacco > Food Items > Meat, Seafood & Eggs",Frozen & Ready-to-Cook,"Meat & Poultry, Frozen & Ready-to-Cook, Egyptian Classics, Egyptian",TRUE,Title,Default Title,MIKO-RICE-KOFTA-1,350,,deny,manual,90,,TRUE,TRUE,g,https://loremflickr.com/1000/1000/kofta?lock=120,1,Rice Kofta — كفتة ارز,FALSE,Rice Kofta (كفتة ارز) | Miko Foods,"Buy Rice Kofta — halal, fresh daily, same-day delivery across Cairo. Miko Foods.",active,كفتة ارز,350g,"[""Frozen""]","[""Halal""]"
hawawshi-meat,Hawawshi Meat,"<p>Hawawshi Meat (لحمة حواوشي) — halal, prepared fresh by Miko Foods and delivered across Greater Cairo.</p>",Miko Foods,"Food, Beverages & Tobacco > Food Items > Meat, Seafood & Eggs",Frozen & Ready-to-Cook,"Meat & Poultry, Frozen & Ready-to-Cook, Egyptian Classics, Egyptian",TRUE,Title,Default Title,MIKO-HAWAWSHI-MEAT-1,500,,deny,manual,110,,TRUE,TRUE,g,https://loremflickr.com/1000/1000/minced-meat?lock=121,1,Hawawshi Meat — لحمة حواوشي,FALSE,Hawawshi Meat (لحمة حواوشي) | Miko Foods,"Buy Hawawshi Meat — halal, fresh daily, same-day delivery across Cairo. Miko Foods.",active,لحمة حواوشي,500g,"[""Frozen""]","[""Halal""]"
stuffed-mombar,Stuffed Mombar,"<p>Stuffed Mombar (ممبار محشي) — halal, prepared fresh by Miko Foods and delivered across Greater Cairo.</p>",Miko Foods,"Food, Beverages & Tobacco > Food Items > Meat, Seafood & Eggs",Frozen & Ready-to-Cook,"Meat & Poultry, Frozen & Ready-to-Cook, Egyptian Classics, Egyptian",TRUE,Title,Default Title,MIKO-STUFFED-MOMBAR-1,500,,deny,manual,90,,TRUE,TRUE,g,https://loremflickr.com/1000/1000/sausage?lock=122,1,Stuffed Mombar — ممبار محشي,FALSE,Stuffed Mombar (ممبار محشي) | Miko Foods,"Buy Stuffed Mombar — halal, fresh daily, same-day delivery across Cairo. Miko Foods.",active,ممبار محشي,500g,"[""Frozen""]","[""Halal""]"
marinated-liver,Marinated Liver,"<p>Marinated Liver (كبدة متبلة) — halal, prepared fresh by Miko Foods and delivered across Greater Cairo.</p>",Miko Foods,"Food, Beverages & Tobacco > Food Items > Meat, Seafood & Eggs",Frozen & Ready-to-Cook,"Meat & Poultry, Frozen & Ready-to-Cook, Liver & Offal",TRUE,Weight,350g,MIKO-MARINATED-LIVER-1,350,,deny,manual,75,,TRUE,TRUE,g,https://loremflickr.com/1000/1000/liver?lock=123,1,Marinated Liver — كبدة متبلة,FALSE,Marinated Liver (كبدة متبلة) | Miko Foods,"Buy Marinated Liver — halal, fresh daily, same-day delivery across Cairo. Miko Foods.",active,كبدة متبلة,350g / 850g,"[""Frozen"",""Marinated""]","[""Halal""]"
marinated-liver,,,,,,,,Weight,850g,MIKO-MARINATED-LIVER-2,850,,deny,manual,180,,TRUE,TRUE,g,,,,,,,,,,,
liver-slices,Liver Slices,"<p>Liver Slices (كبدة شرائح) — halal, prepared fresh by Miko Foods and delivered across Greater Cairo.</p>",Miko Foods,"Food, Beverages & Tobacco > Food Items > Meat, Seafood & Eggs",Frozen & Ready-to-Cook,"Meat & Poultry, Frozen & Ready-to-Cook, Liver & Offal",TRUE,Title,Default Title,MIKO-LIVER-SLICES-1,500,,deny,manual,105,,TRUE,TRUE,g,https://loremflickr.com/1000/1000/liver?lock=124,1,Liver Slices — كبدة شرائح,FALSE,Liver Slices (كبدة شرائح) | Miko Foods,"Buy Liver Slices — halal, fresh daily, same-day delivery across Cairo. Miko Foods.",active,كبدة شرائح,500g,"[""Frozen""]","[""Halal""]"
small-livers,Small Livers,"<p>Small Livers (كبدة عصافيري) — halal, prepared fresh by Miko Foods and delivered across Greater Cairo.</p>",Miko Foods,"Food, Beverages & Tobacco > Food Items > Meat, Seafood & Eggs",Frozen & Ready-to-Cook,"Meat & Poultry, Frozen & Ready-to-Cook, Liver & Offal",TRUE,Title,Default Title,MIKO-SMALL-LIVERS-1,500,,deny,manual,105,,TRUE,TRUE,g,https://loremflickr.com/1000/1000/chicken-liver?lock=125,1,Small Livers — كبدة عصافيري,FALSE,Small Livers (كبدة عصافيري) | Miko Foods,"Buy Small Livers — halal, fresh daily, same-day delivery across Cairo. Miko Foods.",active,كبدة عصافيري,500g,"[""Frozen""]","[""Halal""]"
minced-beef,Minced Beef,"<p>Minced Beef (لحم مفروم) — halal, prepared fresh by Miko Foods and delivered across Greater Cairo.</p>",Miko Foods,"Food, Beverages & Tobacco > Food Items > Meat, Seafood & Eggs",Frozen & Ready-to-Cook,"Meat & Poultry, Frozen & Ready-to-Cook, Minced",TRUE,Weight,350g,MIKO-MINCED-BEEF-1,350,,deny,manual,115,,TRUE,TRUE,g,https://loremflickr.com/1000/1000/minced-beef?lock=126,1,Minced Beef — لحم مفروم,FALSE,Minced Beef (لحم مفروم) | Miko Foods,"Buy Minced Beef — halal, fresh daily, same-day delivery across Cairo. Miko Foods.",active,لحم مفروم,350g / 850g,"[""Frozen""]","[""Halal""]"
minced-beef,,,,,,,,Weight,850g,MIKO-MINCED-BEEF-2,850,,deny,manual,270,,TRUE,TRUE,g,,,,,,,,,,,
pigeon-with-rice,Pigeon with Rice,"<p>Pigeon with Rice (حمام محشي أرز) — halal, prepared fresh by Miko Foods and delivered across Greater Cairo.</p>",Miko Foods,"Food, Beverages & Tobacco > Food Items > Meat, Seafood & Eggs",Frozen & Ready-to-Cook,"Meat & Poultry, Frozen & Ready-to-Cook, Pigeon",TRUE,Title,Default Title,MIKO-PIGEON-WITH-RICE-1,0,,deny,manual,170,,TRUE,TRUE,g,https://loremflickr.com/1000/1000/squab?lock=127,1,Pigeon with Rice — حمام محشي أرز,FALSE,Pigeon with Rice (حمام محشي أرز) | Miko Foods,"Buy Pigeon with Rice — halal, fresh daily, same-day delivery across Cairo. Miko Foods.",active,حمام محشي أرز,1 pc,"[""Frozen""]","[""Halal""]"
pigeon-with-freekeh,Pigeon with Freekeh,"<p>Pigeon with Freekeh (حمام محشي فريك) — halal, prepared fresh by Miko Foods and delivered across Greater Cairo.</p>",Miko Foods,"Food, Beverages & Tobacco > Food Items > Meat, Seafood & Eggs",Frozen & Ready-to-Cook,"Meat & Poultry, Frozen & Ready-to-Cook, Pigeon",TRUE,Title,Default Title,MIKO-PIGEON-WITH-FREEKE-1,0,,deny,manual,170,,TRUE,TRUE,g,https://loremflickr.com/1000/1000/pigeon?lock=128,1,Pigeon with Freekeh — حمام محشي فريك,FALSE,Pigeon with Freekeh (حمام محشي فريك) | Miko Foods,"Buy Pigeon with Freekeh — halal, fresh daily, same-day delivery across Cairo. Miko Foods.",active,حمام محشي فريك,1 pc,"[""Frozen""]","[""Halal""]"
grilled-pigeon,Grilled Pigeon,"<p>Grilled Pigeon (حمام مشوي) — halal, prepared fresh by Miko Foods and delivered across Greater Cairo.</p>",Miko Foods,"Food, Beverages & Tobacco > Food Items > Meat, Seafood & Eggs",Frozen & Ready-to-Cook,"Meat & Poultry, Frozen & Ready-to-Cook, Pigeon",TRUE,Weight,1 pc,MIKO-GRILLED-PIGEON-1,0,,deny,manual,130,,TRUE,TRUE,g,https://loremflickr.com/1000/1000/grilled-pigeon?lock=129,1,Grilled Pigeon — حمام مشوي,FALSE,Grilled Pigeon (حمام مشوي) | Miko Foods,"Buy Grilled Pigeon — halal, fresh daily, same-day delivery across Cairo. Miko Foods.",active,حمام مشوي,1 pc / 2 pcs,"[""Frozen"",""Grilling""]","[""Halal""]"
grilled-pigeon,,,,,,,,Weight,2 pcs,MIKO-GRILLED-PIGEON-2,0,,deny,manual,260,,TRUE,TRUE,g,,,,,,,,,,,
miko-mix,Miko Mix,"<p>Miko Mix (ميكس ميكو) — halal, prepared fresh by Miko Foods and delivered across Greater Cairo.</p>",Miko Foods,"Food, Beverages & Tobacco > Food Items > Meat, Seafood & Eggs",Frozen & Ready-to-Cook,"Meat & Poultry, Frozen & Ready-to-Cook, Bundles, Bundle",TRUE,Title,Default Title,MIKO-MIKO-MIX-1,1000,,deny,manual,230,,TRUE,TRUE,g,https://loremflickr.com/1000/1000/meat-assortment?lock=130,1,Miko Mix — ميكس ميكو,FALSE,Miko Mix (ميكس ميكو) | Miko Foods,"Buy Miko Mix — halal, fresh daily, same-day delivery across Cairo. Miko Foods.",active,ميكس ميكو,1kg,"[""Frozen""]","[""Halal"",""Bundle""]"
miko-triple-deal,Miko Triple Deal,"<p>Miko Triple Deal (عرض ميكو التربل) — halal, prepared fresh by Miko Foods and delivered across Greater Cairo.</p>",Miko Foods,"Food, Beverages & Tobacco > Food Items > Meat, Seafood & Eggs",Frozen & Ready-to-Cook,"Meat & Poultry, Frozen & Ready-to-Cook, Bundles, Bundle",TRUE,Title,Default Title,MIKO-MIKO-TRIPLE-DEAL-1,1000,,deny,manual,235,,TRUE,TRUE,g,https://loremflickr.com/1000/1000/meat-platter?lock=131,1,Miko Triple Deal — عرض ميكو التربل,FALSE,Miko Triple Deal (عرض ميكو التربل) | Miko Foods,"Buy Miko Triple Deal — halal, fresh daily, same-day delivery across Cairo. Miko Foods.",active,عرض ميكو التربل,1kg,"[""Frozen""]","[""Halal"",""Best Deal""]"
pomme-frites-boom,Pomme Frites (Boom),"<p>Pomme Frites (Boom) (بطاطس بوم فريت) — halal, prepared fresh by Miko Foods and delivered across Greater Cairo.</p>",Miko Foods,"Food, Beverages & Tobacco > Food Items > Meat, Seafood & Eggs",Frozen & Ready-to-Cook,"Meat & Poultry, Frozen & Ready-to-Cook, Sides",TRUE,Title,Default Title,MIKO-POMME-FRITES-BOOM-1,2500,,deny,manual,135,,TRUE,TRUE,g,https://loremflickr.com/1000/1000/french-fries?lock=132,1,Pomme Frites (Boom) — بطاطس بوم فريت,FALSE,Pomme Frites (Boom) (بطاطس بوم فريت) | Miko Foods,"Buy Pomme Frites (Boom) — halal, fresh daily, same-day delivery across Cairo. Miko Foods.",active,بطاطس بوم فريت,2.5kg,"[""Frozen""]",[]
meat-samosa,Meat Samosa,"<p>Meat Samosa (سمبوسة لحم) — halal, prepared fresh by Miko Foods and delivered across Greater Cairo.</p>",Miko Foods,"Food, Beverages & Tobacco > Food Items > Meat, Seafood & Eggs",Frozen & Ready-to-Cook,"Meat & Poultry, Frozen & Ready-to-Cook, Appetizers, Appetizers",TRUE,Title,Default Title,MIKO-MEAT-SAMOSA-1,0,,deny,manual,110,,TRUE,TRUE,g,https://loremflickr.com/1000/1000/samosa?lock=133,1,Meat Samosa — سمبوسة لحم,FALSE,Meat Samosa (سمبوسة لحم) | Miko Foods,"Buy Meat Samosa — halal, fresh daily, same-day delivery across Cairo. Miko Foods.",active,سمبوسة لحم,10 pcs,"[""Frozen""]","[""Halal""]"
cheese-samosa,Cheese Samosa,"<p>Cheese Samosa (سمبوسة جبن) — halal, prepared fresh by Miko Foods and delivered across Greater Cairo.</p>",Miko Foods,"Food, Beverages & Tobacco > Food Items > Meat, Seafood & Eggs",Frozen & Ready-to-Cook,"Meat & Poultry, Frozen & Ready-to-Cook, Appetizers, Appetizers",TRUE,Title,Default Title,MIKO-CHEESE-SAMOSA-1,0,,deny,manual,85,,TRUE,TRUE,g,https://loremflickr.com/1000/1000/samosa?lock=134,1,Cheese Samosa — سمبوسة جبن,FALSE,Cheese Samosa (سمبوسة جبن) | Miko Foods,"Buy Cheese Samosa — halal, fresh daily, same-day delivery across Cairo. Miko Foods.",active,سمبوسة جبن,10 pcs,"[""Frozen""]",[]
kibbeh,Kibbeh,"<p>Kibbeh (كبيبة) — halal, prepared fresh by Miko Foods and delivered across Greater Cairo.</p>",Miko Foods,"Food, Beverages & Tobacco > Food Items > Meat, Seafood & Eggs",Frozen & Ready-to-Cook,"Meat & Poultry, Frozen & Ready-to-Cook, Appetizers, Appetizers",TRUE,Title,Default Title,MIKO-KIBBEH-1,80,,deny,manual,90,,TRUE,TRUE,g,https://loremflickr.com/1000/1000/kibbeh?lock=135,1,Kibbeh — كبيبة,FALSE,Kibbeh (كبيبة) | Miko Foods,"Buy Kibbeh — halal, fresh daily, same-day delivery across Cairo. Miko Foods.",active,كبيبة,5 pcs · 80g,"[""Frozen""]","[""Halal""]"
regular-chicken-strips,Regular Chicken Strips,"<p>Regular Chicken Strips (استربس عادي) — halal, prepared fresh by Miko Foods and delivered across Greater Cairo.</p>",Miko Foods,"Food, Beverages & Tobacco > Food Items > Meat, Seafood & Eggs",Marinated Chicken,"Meat & Poultry, Marinated Chicken, Strips",TRUE,Weight,500g,MIKO-REGULAR-CHICKEN-ST-1,500,,deny,manual,155,,TRUE,TRUE,g,https://loremflickr.com/1000/1000/chicken-strips?lock=136,1,Regular Chicken Strips — استربس عادي,FALSE,Regular Chicken Strips (استربس عادي) | Miko Foods,"Buy Regular Chicken Strips — halal, fresh daily, same-day delivery across Cairo. Miko Foods.",active,استربس عادي,500g / 1kg,"[""Chilled"",""Marinated""]","[""Halal""]"
regular-chicken-strips,,,,,,,,Weight,1kg,MIKO-REGULAR-CHICKEN-ST-2,1000,,deny,manual,225,,TRUE,TRUE,g,,,,,,,,,,,
spicy-chicken-strips,Spicy Chicken Strips,"<p>Spicy Chicken Strips (استربس حار) — halal, prepared fresh by Miko Foods and delivered across Greater Cairo.</p>",Miko Foods,"Food, Beverages & Tobacco > Food Items > Meat, Seafood & Eggs",Marinated Chicken,"Meat & Poultry, Marinated Chicken, Strips",TRUE,Weight,500g,MIKO-SPICY-CHICKEN-STRI-1,500,,deny,manual,155,,TRUE,TRUE,g,https://loremflickr.com/1000/1000/chicken-strips?lock=137,1,Spicy Chicken Strips — استربس حار,FALSE,Spicy Chicken Strips (استربس حار) | Miko Foods,"Buy Spicy Chicken Strips — halal, fresh daily, same-day delivery across Cairo. Miko Foods.",active,استربس حار,500g / 1kg,"[""Chilled"",""Marinated""]","[""Halal"",""Spicy""]"
spicy-chicken-strips,,,,,,,,Weight,1kg,MIKO-SPICY-CHICKEN-STRI-2,1000,,deny,manual,225,,TRUE,TRUE,g,,,,,,,,,,,
chicken-pane,Chicken Pane,"<p>Chicken Pane (بانيه) — halal, prepared fresh by Miko Foods and delivered across Greater Cairo.</p>",Miko Foods,"Food, Beverages & Tobacco > Food Items > Meat, Seafood & Eggs",Marinated Chicken,"Meat & Poultry, Marinated Chicken, Breaded",TRUE,Title,Default Title,MIKO-CHICKEN-PANE-1,500,,deny,manual,150,,TRUE,TRUE,g,https://loremflickr.com/1000/1000/chicken-schnitzel?lock=138,1,Chicken Pane — بانيه,FALSE,Chicken Pane (بانيه) | Miko Foods,"Buy Chicken Pane — halal, fresh daily, same-day delivery across Cairo. Miko Foods.",active,بانيه,500g,"[""Frozen"",""Pan Searing""]","[""Halal""]"
cordon-bleu,Cordon Bleu,"<p>Cordon Bleu (كوردن بلو) — halal, prepared fresh by Miko Foods and delivered across Greater Cairo.</p>",Miko Foods,"Food, Beverages & Tobacco > Food Items > Meat, Seafood & Eggs",Marinated Chicken,"Meat & Poultry, Marinated Chicken, Breaded, Chef",TRUE,Title,Default Title,MIKO-CORDON-BLEU-1,500,,deny,manual,175,,TRUE,TRUE,g,https://loremflickr.com/1000/1000/cordon-bleu?lock=139,1,Cordon Bleu — كوردن بلو,FALSE,Cordon Bleu (كوردن بلو) | Miko Foods,"Buy Cordon Bleu — halal, fresh daily, same-day delivery across Cairo. Miko Foods.",active,كوردن بلو,500g,"[""Frozen"",""Pan Searing""]","[""Halal"",""Chef""]"
chicken-kiev,Chicken Kiev,"<p>Chicken Kiev (تشيكن كييف) — halal, prepared fresh by Miko Foods and delivered across Greater Cairo.</p>",Miko Foods,"Food, Beverages & Tobacco > Food Items > Meat, Seafood & Eggs",Marinated Chicken,"Meat & Poultry, Marinated Chicken, Breaded",TRUE,Title,Default Title,MIKO-CHICKEN-KIEV-1,500,,deny,manual,150,,TRUE,TRUE,g,https://loremflickr.com/1000/1000/chicken-kiev?lock=140,1,Chicken Kiev — تشيكن كييف,FALSE,Chicken Kiev (تشيكن كييف) | Miko Foods,"Buy Chicken Kiev — halal, fresh daily, same-day delivery across Cairo. Miko Foods.",active,تشيكن كييف,500g,"[""Frozen"",""Pan Searing""]","[""Halal""]"
shish-tawook,Shish Tawook,"<p>Shish Tawook (شيش طاووق) — halal, prepared fresh by Miko Foods and delivered across Greater Cairo.</p>",Miko Foods,"Food, Beverages & Tobacco > Food Items > Meat, Seafood & Eggs",Marinated Chicken,"Meat & Poultry, Marinated Chicken, Grill",TRUE,Title,Default Title,MIKO-SHISH-TAWOOK-1,500,,deny,manual,138,,TRUE,TRUE,g,https://loremflickr.com/1000/1000/shish-taouk?lock=141,1,Shish Tawook — شيش طاووق,FALSE,Shish Tawook (شيش طاووق) | Miko Foods,"Buy Shish Tawook — halal, fresh daily, same-day delivery across Cairo. Miko Foods.",active,شيش طاووق,500g,"[""Chilled"",""Grilling"",""Marinated""]","[""Halal""]"
lamb-shoulder,Lamb Shoulder,"<p>Lamb Shoulder (كتف ضاني) — halal, prepared fresh by Miko Foods and delivered across Greater Cairo.</p>",Miko Foods,"Food, Beverages & Tobacco > Food Items > Meat, Seafood & Eggs",Baladi Lamb,"Meat & Poultry, Baladi Lamb",FALSE,Title,Default Title,MIKO-LAMB-SHOULDER-1,0,,deny,manual,,,TRUE,TRUE,g,https://loremflickr.com/1000/1000/lamb?lock=142,1,Lamb Shoulder — كتف ضاني,FALSE,Lamb Shoulder (كتف ضاني) | Miko Foods,"Buy Lamb Shoulder — halal, fresh daily, same-day delivery across Cairo. Miko Foods.",draft,كتف ضاني,,"[""Chilled""]","[""Halal"",""Fresh Daily""]"
lamb-neck,Lamb Neck,"<p>Lamb Neck (رقبة ضاني) — halal, prepared fresh by Miko Foods and delivered across Greater Cairo.</p>",Miko Foods,"Food, Beverages & Tobacco > Food Items > Meat, Seafood & Eggs",Baladi Lamb,"Meat & Poultry, Baladi Lamb",FALSE,Title,Default Title,MIKO-LAMB-NECK-1,0,,deny,manual,,,TRUE,TRUE,g,https://loremflickr.com/1000/1000/lamb?lock=143,1,Lamb Neck — رقبة ضاني,FALSE,Lamb Neck (رقبة ضاني) | Miko Foods,"Buy Lamb Neck — halal, fresh daily, same-day delivery across Cairo. Miko Foods.",draft,رقبة ضاني,,"[""Chilled""]","[""Halal"",""Fresh Daily""]"
lamb-leg,Lamb Leg,"<p>Lamb Leg (فخذة ضاني) — halal, prepared fresh by Miko Foods and delivered across Greater Cairo.</p>",Miko Foods,"Food, Beverages & Tobacco > Food Items > Meat, Seafood & Eggs",Baladi Lamb,"Meat & Poultry, Baladi Lamb",FALSE,Title,Default Title,MIKO-LAMB-LEG-1,0,,deny,manual,,,TRUE,TRUE,g,https://loremflickr.com/1000/1000/lamb?lock=144,1,Lamb Leg — فخذة ضاني,FALSE,Lamb Leg (فخذة ضاني) | Miko Foods,"Buy Lamb Leg — halal, fresh daily, same-day delivery across Cairo. Miko Foods.",draft,فخذة ضاني,,"[""Chilled""]","[""Halal"",""Fresh Daily""]"
lamb-ribs-chops,Lamb Ribs (Chops),"<p>Lamb Ribs (Chops) (ريش ضاني) — halal, prepared fresh by Miko Foods and delivered across Greater Cairo.</p>",Miko Foods,"Food, Beverages & Tobacco > Food Items > Meat, Seafood & Eggs",Baladi Lamb,"Meat & Poultry, Baladi Lamb",FALSE,Title,Default Title,MIKO-LAMB-RIBS-CHOPS-1,0,,deny,manual,,,TRUE,TRUE,g,https://loremflickr.com/1000/1000/lamb?lock=145,1,Lamb Ribs (Chops) — ريش ضاني,FALSE,Lamb Ribs (Chops) (ريش ضاني) | Miko Foods,"Buy Lamb Ribs (Chops) — halal, fresh daily, same-day delivery across Cairo. Miko Foods.",draft,ريش ضاني,,"[""Chilled"",""Grilling""]","[""Halal"",""Fresh Daily""]"
lamb-fat-alya,Lamb Fat (Alya),"<p>Lamb Fat (Alya) (لية ضاني) — halal, prepared fresh by Miko Foods and delivered across Greater Cairo.</p>",Miko Foods,"Food, Beverages & Tobacco > Food Items > Meat, Seafood & Eggs",Baladi Lamb,"Meat & Poultry, Baladi Lamb",FALSE,Title,Default Title,MIKO-LAMB-FAT-ALYA-1,0,,deny,manual,,,TRUE,TRUE,g,https://loremflickr.com/1000/1000/lamb?lock=146,1,Lamb Fat (Alya) — لية ضاني,FALSE,Lamb Fat (Alya) (لية ضاني) | Miko Foods,"Buy Lamb Fat (Alya) — halal, fresh daily, same-day delivery across Cairo. Miko Foods.",draft,لية ضاني,,"[""Chilled""]","[""Halal"",""Fresh Daily""]"
lamb-leg-steak-top-round,Lamb Leg Steak (Top Round),"<p>Lamb Leg Steak (Top Round) (وش فخذة) — halal, prepared fresh by Miko Foods and delivered across Greater Cairo.</p>",Miko Foods,"Food, Beverages & Tobacco > Food Items > Meat, Seafood & Eggs",Premium Lamb,"Meat & Poultry, Premium Lamb",FALSE,Title,Default Title,MIKO-LAMB-LEG-STEAK-TOP-1,0,,deny,manual,,,TRUE,TRUE,g,https://loremflickr.com/1000/1000/lamb?lock=147,1,Lamb Leg Steak (Top Round) — وش فخذة,FALSE,Lamb Leg Steak (Top Round) (وش فخذة) | Miko Foods,"Buy Lamb Leg Steak (Top Round) — halal, fresh daily, same-day delivery across Cairo. Miko Foods.",draft,وش فخذة,,"[""Chilled""]","[""Halal"",""Fresh Daily""]"
lamb-shank-samana,Lamb Shank (Samana),"<p>Lamb Shank (Samana) (سمانة) — halal, prepared fresh by Miko Foods and delivered across Greater Cairo.</p>",Miko Foods,"Food, Beverages & Tobacco > Food Items > Meat, Seafood & Eggs",Premium Lamb,"Meat & Poultry, Premium Lamb",FALSE,Title,Default Title,MIKO-LAMB-SHANK-SAMANA-1,0,,deny,manual,,,TRUE,TRUE,g,https://loremflickr.com/1000/1000/lamb?lock=148,1,Lamb Shank (Samana) — سمانة,FALSE,Lamb Shank (Samana) (سمانة) | Miko Foods,"Buy Lamb Shank (Samana) — halal, fresh daily, same-day delivery across Cairo. Miko Foods.",draft,سمانة,,"[""Chilled""]","[""Halal"",""Fresh Daily""]"
lamb-fillet-cut,Lamb Fillet Cut,"<p>Lamb Fillet Cut (عرق فيليتو) — halal, prepared fresh by Miko Foods and delivered across Greater Cairo.</p>",Miko Foods,"Food, Beverages & Tobacco > Food Items > Meat, Seafood & Eggs",Premium Lamb,"Meat & Poultry, Premium Lamb",FALSE,Title,Default Title,MIKO-LAMB-FILLET-CUT-1,0,,deny,manual,,,TRUE,TRUE,g,https://loremflickr.com/1000/1000/lamb?lock=149,1,Lamb Fillet Cut — عرق فيليتو,FALSE,Lamb Fillet Cut (عرق فيليتو) | Miko Foods,"Buy Lamb Fillet Cut — halal, fresh daily, same-day delivery across Cairo. Miko Foods.",draft,عرق فيليتو,,"[""Chilled"",""Pan Searing""]","[""Halal"",""Fresh Daily""]"
lamb-roast-cut,Lamb Roast Cut,"<p>Lamb Roast Cut (عرق روستو) — halal, prepared fresh by Miko Foods and delivered across Greater Cairo.</p>",Miko Foods,"Food, Beverages & Tobacco > Food Items > Meat, Seafood & Eggs",Premium Lamb,"Meat & Poultry, Premium Lamb",FALSE,Title,Default Title,MIKO-LAMB-ROAST-CUT-1,0,,deny,manual,,,TRUE,TRUE,g,https://loremflickr.com/1000/1000/lamb?lock=150,1,Lamb Roast Cut — عرق روستو,FALSE,Lamb Roast Cut (عرق روستو) | Miko Foods,"Buy Lamb Roast Cut — halal, fresh daily, same-day delivery across Cairo. Miko Foods.",draft,عرق روستو,,"[""Chilled""]","[""Halal"",""Fresh Daily""]"
lamb-escalope,Lamb Escalope,"<p>Lamb Escalope (سكالوب) — halal, prepared fresh by Miko Foods and delivered across Greater Cairo.</p>",Miko Foods,"Food, Beverages & Tobacco > Food Items > Meat, Seafood & Eggs",Premium Lamb,"Meat & Poultry, Premium Lamb",FALSE,Title,Default Title,MIKO-LAMB-ESCALOPE-1,0,,deny,manual,,,TRUE,TRUE,g,https://loremflickr.com/1000/1000/lamb?lock=151,1,Lamb Escalope — سكالوب,FALSE,Lamb Escalope (سكالوب) | Miko Foods,"Buy Lamb Escalope — halal, fresh daily, same-day delivery across Cairo. Miko Foods.",draft,سكالوب,,"[""Chilled"",""Pan Searing""]","[""Halal"",""Fresh Daily""]"
lamb-shank-mozza,Lamb Shank (Mozza),"<p>Lamb Shank (Mozza) (موزة) — halal, prepared fresh by Miko Foods and delivered across Greater Cairo.</p>",Miko Foods,"Food, Beverages & Tobacco > Food Items > Meat, Seafood & Eggs",Premium Lamb,"Meat & Poultry, Premium Lamb",FALSE,Title,Default Title,MIKO-LAMB-SHANK-MOZZA-1,0,,deny,manual,,,TRUE,TRUE,g,https://loremflickr.com/1000/1000/lamb?lock=152,1,Lamb Shank (Mozza) — موزة,FALSE,Lamb Shank (Mozza) (موزة) | Miko Foods,"Buy Lamb Shank (Mozza) — halal, fresh daily, same-day delivery across Cairo. Miko Foods.",draft,موزة,,"[""Chilled""]","[""Halal"",""Fresh Daily""]"
lamb-kabab-halla,Lamb Kabab Halla,"<p>Lamb Kabab Halla (كباب حلة ضاني) — halal, prepared fresh by Miko Foods and delivered across Greater Cairo.</p>",Miko Foods,"Food, Beverages & Tobacco > Food Items > Meat, Seafood & Eggs",Premium Lamb,"Meat & Poultry, Premium Lamb",FALSE,Title,Default Title,MIKO-LAMB-KABAB-HALLA-1,0,,deny,manual,,,TRUE,TRUE,g,https://loremflickr.com/1000/1000/lamb?lock=153,1,Lamb Kabab Halla — كباب حلة ضاني,FALSE,Lamb Kabab Halla (كباب حلة ضاني) | Miko Foods,"Buy Lamb Kabab Halla — halal, fresh daily, same-day delivery across Cairo. Miko Foods.",draft,كباب حلة ضاني,,"[""Chilled""]","[""Halal"",""Fresh Daily""]"
lamb-entrec-te,Lamb Entrecôte,"<p>Lamb Entrecôte (انتركوت) — halal, prepared fresh by Miko Foods and delivered across Greater Cairo.</p>",Miko Foods,"Food, Beverages & Tobacco > Food Items > Meat, Seafood & Eggs",Premium Lamb,"Meat & Poultry, Premium Lamb",FALSE,Title,Default Title,MIKO-LAMB-ENTREC-TE-1,0,,deny,manual,,,TRUE,TRUE,g,https://loremflickr.com/1000/1000/lamb?lock=154,1,Lamb Entrecôte — انتركوت,FALSE,Lamb Entrecôte (انتركوت) | Miko Foods,"Buy Lamb Entrecôte — halal, fresh daily, same-day delivery across Cairo. Miko Foods.",draft,انتركوت,,"[""Chilled"",""Grilling""]","[""Halal"",""Fresh Daily""]"
lamb-trotters,Lamb Trotters,"<p>Lamb Trotters (كوارع) — halal, prepared fresh by Miko Foods and delivered across Greater Cairo.</p>",Miko Foods,"Food, Beverages & Tobacco > Food Items > Meat, Seafood & Eggs",Premium Lamb,"Meat & Poultry, Premium Lamb",FALSE,Title,Default Title,MIKO-LAMB-TROTTERS-1,0,,deny,manual,,,TRUE,TRUE,g,https://loremflickr.com/1000/1000/lamb?lock=155,1,Lamb Trotters — كوارع,FALSE,Lamb Trotters (كوارع) | Miko Foods,"Buy Lamb Trotters — halal, fresh daily, same-day delivery across Cairo. Miko Foods.",draft,كوارع,,"[""Chilled""]","[""Halal"",""Fresh Daily""]"
lamb-knuckle-akkawi,Lamb Knuckle (Akkawi),"<p>Lamb Knuckle (Akkawi) (عكاوي) — halal, prepared fresh by Miko Foods and delivered across Greater Cairo.</p>",Miko Foods,"Food, Beverages & Tobacco > Food Items > Meat, Seafood & Eggs",Premium Lamb,"Meat & Poultry, Premium Lamb",FALSE,Title,Default Title,MIKO-LAMB-KNUCKLE-AKKAW-1,0,,deny,manual,,,TRUE,TRUE,g,https://loremflickr.com/1000/1000/lamb?lock=156,1,Lamb Knuckle (Akkawi) — عكاوي,FALSE,Lamb Knuckle (Akkawi) (عكاوي) | Miko Foods,"Buy Lamb Knuckle (Akkawi) — halal, fresh daily, same-day delivery across Cairo. Miko Foods.",draft,عكاوي,,"[""Chilled""]","[""Halal"",""Fresh Daily""]"
